date,tank_id,do_mg_l,nh4_ppm,no2_ppm,no3_ppm,water_temp_c,ph,alkalinity_mg_l,salinity_ppt,n_conv_speed,alert
2026-02-06,T01,6.8459,0.0436,0.0227,10.0933,28.0229,7.9667,105.5429,19.6919,0.25,1.0
2026-02-06,T02,6.5673,0.0384,0.0232,10.0952,27.5224,7.9967,119.3714,19.5,0.25,1.0
2026-02-06,T03,6.5859,0.0427,0.0316,10.1676,27.941,7.9514,127.1333,19.8076,0.25,1.0
2026-02-06,T04,6.7191,0.048,0.0284,10.01,28.7276,7.9581,101.5952,19.94,0.25,1.0
2026-02-06,T05,6.5201,0.0459,0.0135,10.0919,28.0524,8.0424,110.7905,19.07,0.25,1.0
2026-02-06,T06,6.6829,0.0436,0.0203,10.0933,27.941,8.0205,108.7762,19.7567,0.25,1.0
2026-02-06,T07,6.9227,0.0579,0.0118,10.1738,27.9633,7.9576,111.5952,20.4586,0.25,1.0
2026-02-06,T08,6.0019,0.0455,0.028,10.0633,28.9486,7.8586,128.0905,20.98,0.25,1.0
2026-02-07,T01,6.8436,0.0441,0.0227,10.3694,27.9642,7.9908,105.8917,19.7527,0.25,1.0
2026-02-07,T02,6.5233,0.037,0.0228,10.3962,27.6231,8.0123,118.6021,19.4519,0.25,1.0
2026-02-07,T03,6.5919,0.0421,0.0302,10.3779,27.8412,7.9444,128.0083,19.8131,0.25,1.0
2026-02-07,T04,6.6644,0.0533,0.0288,10.31,28.7496,7.9558,103.2875,19.9681,0.25,1.0
2026-02-07,T05,6.4738,0.0432,0.0136,10.3204,28.0919,8.0388,110.5354,19.1148,0.25,1.0
2026-02-07,T06,6.6921,0.0435,0.0197,10.4219,27.9456,8.0127,109.7438,19.7598,0.25,1.0
2026-02-07,T07,6.8891,0.0586,0.0112,10.3735,27.9646,7.9552,111.5583,20.3606,0.25,1.0
2026-02-07,T08,5.9648,0.0457,0.0281,10.3479,28.9956,7.8704,128.3062,20.9269,0.25,1.0
2026-02-08,T01,6.8746,0.0435,0.0236,10.6969,27.9515,7.9854,106.2833,19.8146,0.25,1.0
2026-02-08,T02,6.5587,0.0387,0.0221,10.8094,27.6308,8.0258,118.8354,19.4554,0.25,1.0
2026-02-08,T03,6.6323,0.043,0.0301,10.8235,27.8004,7.9625,127.4125,19.826,0.25,1.0
2026-02-08,T04,6.6857,0.0494,0.0293,10.7942,28.6896,7.9462,103.1958,19.9535,0.25,1.0
2026-02-08,T05,6.4733,0.0433,0.0131,10.8498,28.056,8.0504,110.575,19.1052,0.25,1.0
2026-02-08,T06,6.6202,0.0433,0.0198,10.7444,27.8894,8.0088,109.0729,19.809,0.25,1.0
2026-02-08,T07,6.9005,0.0608,0.0109,10.6983,27.9883,7.9548,111.625,20.3871,0.25,1.0
2026-02-08,T08,6.0633,0.0451,0.0286,10.76,28.9994,7.8608,128.2542,20.9577,0.25,1.0
2026-02-09,T01,6.8692,0.0424,0.0242,11.1437,27.9517,7.985,106.5375,19.7702,0.25,1.0
2026-02-09,T02,6.5825,0.0411,0.0215,11.0781,27.6735,8.02,119.0896,19.464,0.25,1.0
2026-02-09,T03,6.6006,0.043,0.0299,11.0802,27.831,7.9546,127.2542,19.701,0.25,1.0
2026-02-09,T04,6.6683,0.0521,0.0293,11.0621,28.7306,7.9429,103.3125,19.9077,0.25,1.0
2026-02-09,T05,6.475,0.0422,0.0134,11.1519,28.0744,8.0438,110.4667,19.0802,0.25,1.0
2026-02-09,T06,6.6556,0.0438,0.0191,11.0617,27.8315,7.9948,110.0062,19.8458,0.25,1.0
2026-02-09,T07,6.868,0.0597,0.0099,11.0625,27.9381,7.9438,111.8417,20.419,0.25,1.0
2026-02-09,T08,6.0286,0.0457,0.029,11.094,28.9671,7.8496,126.8292,21.0029,0.25,1.0
2026-02-10,T01,6.8661,0.0431,0.0244,11.5604,27.9823,7.9604,106.5812,19.8063,0.25,1.0
2026-02-10,T02,6.5187,0.0381,0.0219,11.5408,27.6317,8.021,118.7167,19.5231,0.25,1.0
2026-02-10,T03,6.6388,0.0417,0.0321,11.4373,27.8394,7.9617,126.9979,19.8075,0.25,1.0
2026-02-10,T04,6.6779,0.0523,0.0299,11.5406,28.7512,7.9408,102.8771,19.9194,0.25,1.0
2026-02-10,T05,6.4983,0.0424,0.0139,11.4469,28.0756,8.0388,110.5479,19.1438,0.25,1.0
2026-02-10,T06,6.684,0.0439,0.0198,11.5529,27.9108,7.9921,109.3812,19.7446,0.25,1.0
2026-02-10,T07,6.8499,0.0579,0.0101,11.6044,27.9427,7.9458,111.2708,20.3935,0.25,1.0
2026-02-10,T08,5.9834,0.0447,0.0276,11.5154,28.9625,7.8583,127.5417,20.9633,0.25,1.0
2026-02-11,T01,6.9232,0.0431,0.0234,11.9035,27.97,7.9798,106.5583,19.7431,0.25,1.0
2026-02-11,T02,6.5787,0.0383,0.0215,11.8852,27.6092,8.0244,118.6771,19.4892,0.25,1.0
2026-02-11,T03,6.5867,0.0417,0.0312,11.9006,27.8396,7.9658,127.25,19.776,0.25,1.0
2026-02-11,T04,6.6918,0.0528,0.029,11.9127,28.7429,7.9475,103.8375,19.8529,0.25,1.0
2026-02-11,T05,6.4768,0.0439,0.0138,11.8856,28.0115,8.0456,110.9375,19.1465,0.25,1.0
2026-02-11,T06,6.6871,0.043,0.0201,11.929,27.9198,7.9994,109.6021,19.7779,0.25,1.0
2026-02-11,T07,6.9069,0.0561,0.0104,11.9235,27.9885,7.9523,111.0771,20.3917,0.25,1.0
2026-02-11,T08,5.9807,0.0454,0.028,11.8377,28.9425,7.8733,127.7854,20.9173,0.25,1.0
2026-02-12,T01,6.9052,0.0419,0.0242,12.2983,27.9335,7.9715,105.6125,19.8327,0.25,1.0
2026-02-12,T02,6.5295,0.0387,0.0229,12.3283,27.665,8.0246,118.7042,19.5258,0.25,1.0
2026-02-12,T03,6.5998,0.0444,0.0301,12.281,27.8471,7.9752,127.3083,19.7898,0.25,1.0
2026-02-12,T04,6.6676,0.0503,0.0288,12.2912,28.6992,7.9527,103.2417,19.895,0.25,1.0
2026-02-12,T05,6.4776,0.0447,0.0131,12.2883,28.0356,8.0435,110.5625,19.1387,0.25,1.0
2026-02-12,T06,6.6489,0.0476,0.0204,12.2833,27.924,8.0019,109.9375,19.7902,0.25,1.0
2026-02-12,T07,6.8994,0.058,0.0104,12.3229,27.9535,7.9562,111.9708,20.4056,0.25,1.0
2026-02-12,T08,6.0268,0.0449,0.0281,12.3198,28.9996,7.8581,127.5521,20.9512,0.25,1.0
2026-02-13,T01,6.907,0.043,0.0246,12.7217,27.9615,7.9692,106.2104,19.8006,0.25,1.0
2026-02-13,T02,6.5441,0.0395,0.022,12.7042,27.6758,8.0221,119.7479,19.604,0.25,1.0
2026-02-13,T03,6.6078,0.043,0.0298,12.6483,27.8806,7.9619,127.1167,19.8112,0.25,1.0
2026-02-13,T04,6.6471,0.0501,0.0301,12.7177,28.7492,7.9515,103.1438,19.974,0.25,1.0
2026-02-13,T05,6.5035,0.0451,0.0137,12.6496,28.069,8.0427,110.0979,19.1283,0.25,1.0
2026-02-13,T06,6.6575,0.0455,0.0198,12.7431,27.8971,8.004,109.7729,19.78,0.25,1.0
2026-02-13,T07,6.8956,0.058,0.0113,12.625,27.9421,7.9615,111.4062,20.3277,0.25,1.0
2026-02-13,T08,6.0069,0.0451,0.0283,12.7346,28.9771,7.8542,127.8125,20.9665,0.25,1.0
2026-02-14,T01,6.8794,0.0437,0.0234,13.061,27.9519,7.9848,105.8854,19.7838,0.25,1.0
2026-02-14,T02,6.5331,0.0372,0.0228,13.046,27.681,8.0204,119.5,19.4762,0.25,1.0
2026-02-14,T03,6.5875,0.043,0.0304,13.029,27.8317,7.9656,127.875,19.8129,0.25,1.0
2026-02-14,T04,6.6873,0.0508,0.0287,13.0785,28.7238,7.9394,103.0875,19.934,0.25,1.0
2026-02-14,T05,6.4958,0.0442,0.0142,13.071,28.0275,8.0342,110.5188,19.1592,0.25,1.0
2026-02-14,T06,6.6405,0.0425,0.0208,12.9906,27.8856,8.0019,108.9167,19.8452,0.25,1.0
2026-02-14,T07,6.8861,0.0566,0.01,13.0456,27.9162,7.946,111.9583,20.3792,0.25,1.0
2026-02-14,T08,6.0299,0.0469,0.0277,13.111,28.9852,7.859,127.0188,20.9906,0.25,1.0
2026-02-15,T01,6.9325,0.0411,0.0234,13.456,27.9904,7.9712,106.7521,19.8,0.25,1.0
2026-02-15,T02,6.5424,0.0383,0.0223,13.494,27.6523,8.0117,118.1396,19.4842,0.25,1.0
2026-02-15,T03,6.631,0.0426,0.0291,13.3773,27.8338,7.9665,127.0146,19.824,0.25,1.0
2026-02-15,T04,6.653,0.0507,0.029,13.4571,28.7019,7.9392,102.7125,19.8621,0.25,1.0
2026-02-15,T05,6.4915,0.0432,0.0134,13.3867,28.0871,8.0365,110.7,19.1654,0.25,1.0
2026-02-15,T06,6.6107,0.0455,0.0204,13.529,27.9333,7.9921,109.4188,19.856,0.25,1.0
2026-02-15,T07,6.8632,0.0558,0.0093,13.3881,27.87,7.9494,111.7,20.3865,0.25,1.0
2026-02-15,T08,6.0014,0.046,0.0286,13.4065,28.9802,7.8569,127.9271,20.9825,0.25,1.0
2026-02-16,T01,6.8955,0.043,0.0236,13.8398,27.9706,7.9704,106.3938,19.8444,0.25,1.0
2026-02-16,T02,6.4915,0.0371,0.0224,13.8215,27.6921,8.0079,118.9333,19.5137,0.25,1.0
2026-02-16,T03,6.5829,0.0433,0.0299,13.8296,27.8196,7.9688,127.2812,19.7792,0.25,1.0
2026-02-16,T04,6.6644,0.0506,0.0286,13.8815,28.7331,7.9425,102.9937,19.9227,0.25,1.0
2026-02-16,T05,6.4741,0.0447,0.0138,13.8844,28.051,8.0329,110.2917,19.081,0.25,1.0
2026-02-16,T06,6.6498,0.0435,0.0198,13.8075,27.8727,8.0008,109.6438,19.8308,0.25,1.0
2026-02-16,T07,6.9011,0.0561,0.0103,13.8465,27.9425,7.9412,111.375,20.3983,0.25,1.0
2026-02-16,T08,5.9706,0.046,0.0289,13.9042,28.9933,7.8602,127.5188,20.9494,0.25,1.0
2026-02-17,T01,6.8883,0.0407,0.0224,14.3392,27.9644,7.971,105.9875,19.8131,0.25,1.0
2026-02-17,T02,6.543,0.037,0.0223,14.315,27.6746,8.0227,118.1729,19.4946,0.25,1.0
2026-02-17,T03,6.601,0.0437,0.0303,14.3092,27.8288,7.9683,126.7604,19.7825,0.25,1.0
2026-02-17,T04,6.7107,0.052,0.0288,14.2108,28.7088,7.9438,103.85,19.9075,0.25,1.0
2026-02-17,T05,6.5175,0.0455,0.0134,14.2929,28.1177,8.0435,109.9583,19.1017,0.25,1.0
2026-02-17,T06,6.6639,0.0433,0.0199,14.179,27.9627,7.9869,109.5958,19.7835,0.25,1.0
2026-02-17,T07,6.9043,0.0569,0.0107,14.1765,27.9592,7.956,111.1208,20.3833,0.25,1.0
2026-02-17,T08,5.9939,0.045,0.0284,14.1885,28.9554,7.8471,128.0354,20.9665,0.25,1.0
2026-02-18,T01,6.8888,0.0408,0.0233,14.65,27.9869,7.9723,105.6646,19.8158,0.25,1.0
2026-02-18,T02,6.5078,0.039,0.0221,14.7156,27.6352,8.0206,119.6771,19.531,0.25,1.0
2026-02-18,T03,6.5939,0.0429,0.0304,14.6035,27.8621,7.9583,127.6667,19.7598,0.25,1.0
2026-02-18,T04,6.6844,0.0503,0.0299,14.6867,28.7981,7.9508,103.6667,19.9575,0.25,1.0
2026-02-18,T05,6.4934,0.0447,0.0134,14.62,28.0948,8.036,110.1479,19.1052,0.25,1.0
2026-02-18,T06,6.6338,0.0436,0.0206,14.601,27.9419,8.0012,110.1146,19.7965,0.25,1.0
2026-02-18,T07,6.8713,0.059,0.0105,14.6117,27.9442,7.944,111.3479,20.4092,0.25,1.0
2026-02-18,T08,6.0099,0.0466,0.0287,14.5819,28.9733,7.8646,127.1375,20.9771,0.25,1.0
2026-02-19,T01,6.8839,0.0421,0.0234,15.0821,27.9321,7.9769,105.4646,19.8227,0.25,1.0
2026-02-19,T02,6.5516,0.0375,0.0212,14.9938,27.7048,8.0158,119.0208,19.5271,0.25,1.0
2026-02-19,T03,6.6115,0.0415,0.0309,15.1138,27.8369,7.9619,126.9646,19.8252,0.25,1.0
2026-02-19,T04,6.6396,0.0517,0.0285,15.0167,28.7571,7.9427,103.3958,19.9185,0.25,1.0
2026-02-19,T05,6.4657,0.0445,0.0135,14.9683,28.0471,8.0456,110.7958,19.1408,0.25,1.0
2026-02-19,T06,6.6607,0.0433,0.0196,15.0623,27.9223,7.9944,109.6833,19.8377,0.25,1.0
2026-02-19,T07,6.8669,0.0593,0.0101,14.9569,27.984,7.9579,112.1188,20.3892,0.25,1.0
2026-02-19,T08,6.0158,0.0449,0.0293,15.0352,29.0071,7.8592,127.5771,20.9685,0.25,1.0
2026-02-20,T01,6.8862,0.0437,0.0232,15.3727,27.9633,7.9844,106.2979,19.7777,0.25,1.0
2026-02-20,T02,6.5613,0.038,0.0219,15.4112,27.6483,8.016,118.4833,19.506,0.25,1.0
2026-02-20,T03,6.5906,0.0422,0.0304,15.3527,27.914,7.9544,127.6667,19.7804,0.25,1.0
2026-02-20,T04,6.6739,0.0488,0.0276,15.4677,28.75,7.946,102.7833,19.9123,0.25,1.0
2026-02-20,T05,6.4785,0.0435,0.0137,15.4554,28.0646,8.0425,110.4396,19.1125,0.25,1.0
2026-02-20,T06,6.653,0.0432,0.0204,15.4308,27.8912,7.9975,109.3083,19.8496,0.25,1.0
2026-02-20,T07,6.8552,0.0584,0.0099,15.4396,27.9333,7.949,111.7479,20.4204,0.25,1.0
2026-02-20,T08,6.0423,0.0451,0.0291,15.361,29.0077,7.8646,127.4771,21.0058,0.25,1.0
2026-02-21,T01,6.883,0.0422,0.0243,15.8481,27.9342,7.9817,105.175,19.7856,0.25,1.0
2026-02-21,T02,6.5405,0.0362,0.0216,15.8275,27.6973,8.0138,119.025,19.5081,0.25,1.0
2026-02-21,T03,6.5801,0.0435,0.0303,15.7892,27.8156,7.9573,126.75,19.8467,0.25,1.0
2026-02-21,T04,6.6647,0.0512,0.0297,15.8006,28.7208,7.9373,103.8146,19.9602,0.25,1.0
2026-02-21,T05,6.5156,0.0449,0.0138,15.7715,28.0858,8.0392,110.9438,19.115,0.25,1.0
2026-02-21,T06,6.6505,0.0447,0.0207,15.7935,27.9058,8.0079,110.0208,19.781,0.25,1.0
2026-02-21,T07,6.8774,0.0565,0.0103,15.861,27.9685,7.9515,111.525,20.401,0.25,1.0
2026-02-21,T08,6.0174,0.0462,0.028,15.8554,28.9877,7.8538,126.6812,20.9252,0.25,1.0
2026-02-22,T01,6.8611,0.0426,0.0237,16.2138,27.9723,7.981,105.7625,19.815,0.25,1.0
2026-02-22,T02,6.5599,0.0378,0.0225,16.1937,27.64,8.0181,119.0438,19.5696,0.25,1.0
2026-02-22,T03,6.6418,0.0435,0.0299,16.2644,27.7921,7.9669,127.4542,19.829,0.25,1.0
2026-02-22,T04,6.6855,0.0492,0.0286,16.2602,28.6821,7.9477,102.625,19.8648,0.25,1.0
2026-02-22,T05,6.5073,0.0432,0.0129,16.1942,28.074,8.0421,110.0958,19.0669,0.25,1.0
2026-02-22,T06,6.6192,0.0447,0.0206,16.1538,27.9665,7.9935,109.0521,19.8227,0.25,1.0
2026-02-22,T07,6.8971,0.0572,0.0108,16.1356,27.9442,7.9408,111.5271,20.4242,0.25,1.0
2026-02-22,T08,6.012,0.0456,0.0283,16.1304,29.0075,7.8612,127.8562,20.9821,0.25,1.0
2026-02-23,T01,6.9049,0.0416,0.0234,16.5656,27.9746,7.9844,106.6083,19.7706,0.25,1.0
2026-02-23,T02,6.5544,0.0388,0.0228,16.546,27.6702,8.0304,119.3042,19.4831,0.25,1.0
2026-02-23,T03,6.6342,0.043,0.0298,16.5081,27.8329,7.964,127.0208,19.7946,0.25,1.0
2026-02-23,T04,6.659,0.0531,0.0293,16.5698,28.7335,7.9431,102.7208,19.8931,0.25,1.0
2026-02-23,T05,6.4694,0.0436,0.0141,16.5121,28.0535,8.0477,109.7229,19.1075,0.25,1.0
2026-02-23,T06,6.6363,0.044,0.0208,16.5244,27.9281,7.9894,109.5708,19.7623,0.25,1.0
2026-02-23,T07,6.8641,0.0585,0.0106,16.6188,27.9979,7.9362,111.3688,20.4275,0.25,1.0
2026-02-23,T08,5.9961,0.0455,0.0281,16.581,28.9904,7.8612,127.4958,20.9667,0.25,1.0
2026-02-24,T01,6.8811,0.0424,0.0236,17.0148,27.9702,7.9773,106.0271,19.8135,0.25,1.0
2026-02-24,T02,6.5216,0.0394,0.022,16.9196,27.6233,8.0231,119.7417,19.5317,0.25,1.0
2026-02-24,T03,6.6042,0.0415,0.0299,17.0133,27.8379,7.9765,127.3,19.7702,0.25,1.0
2026-02-24,T04,6.6603,0.0512,0.0304,16.9333,28.7488,7.9383,103.4458,19.8673,0.25,1.0
2026-02-24,T05,6.5037,0.0432,0.0143,16.92,28.0423,8.0383,110.3521,19.1331,0.25,1.0
2026-02-24,T06,6.6719,0.0427,0.0206,16.9742,27.939,7.9956,109.8208,19.7888,0.25,1.0
2026-02-24,T07,6.8944,0.0576,0.0102,17.0354,27.946,7.9492,110.9021,20.4185,0.25,1.0
2026-02-24,T08,5.9881,0.045,0.0284,16.9652,28.9662,7.8567,127.7479,20.9785,0.25,1.0
2026-02-25,T01,6.8983,0.0421,0.0242,17.3785,27.9402,7.985,105.7042,19.8046,0.25,1.0
2026-02-25,T02,6.5222,0.0359,0.0225,17.3162,27.6258,8.0173,119.0354,19.4956,0.25,1.0
2026-02-25,T03,6.6025,0.0438,0.0301,17.3523,27.8402,7.955,126.4042,19.8121,0.25,1.0
2026-02-25,T04,6.6995,0.0515,0.0284,17.3431,28.7415,7.9452,103.4,19.961,0.25,1.0
2026-02-25,T05,6.4687,0.0459,0.0147,17.3323,28.0196,8.046,110.2583,19.1317,0.25,1.0
2026-02-25,T06,6.6968,0.0426,0.0196,17.3871,27.9196,7.995,109.7312,19.7833,0.25,1.0
2026-02-25,T07,6.8346,0.0571,0.011,17.3494,27.97,7.9479,111.6771,20.3992,0.25,1.0
2026-02-25,T08,6.0057,0.0477,0.0276,17.3552,28.9452,7.8631,127.4167,20.9621,0.25,1.0
2026-02-26,T01,6.8936,0.0417,0.0227,17.7146,27.95,7.9723,106.1583,19.7967,0.25,1.0
2026-02-26,T02,6.531,0.0372,0.0221,17.7483,27.616,8.0158,118.8146,19.53,0.25,1.0
2026-02-26,T03,6.6326,0.0424,0.0304,17.75,27.8279,7.9679,126.6583,19.7896,0.25,1.0
2026-02-26,T04,6.6676,0.0524,0.0289,17.7346,28.7383,7.9454,102.9,19.9185,0.25,1.0
2026-02-26,T05,6.5307,0.0457,0.0141,17.7677,28.0579,8.0356,110.8167,19.1077,0.25,1.0
2026-02-26,T06,6.6945,0.0441,0.0199,17.7838,27.946,8.0033,109.5896,19.815,0.25,1.0
2026-02-26,T07,6.9128,0.0553,0.0108,17.7319,27.9271,7.9531,111.4167,20.3558,0.25,1.0
2026-02-26,T08,6.0352,0.0474,0.0283,17.7087,28.9819,7.8565,126.3646,20.9544,0.25,1.0
2026-02-27,T01,6.8841,0.0435,0.0241,18.176,27.9617,7.9842,105.6583,19.8181,0.25,1.0
2026-02-27,T02,6.5231,0.039,0.0221,18.1813,27.6421,8.0152,119.5667,19.515,0.25,1.0
2026-02-27,T03,6.6263,0.0415,0.0298,18.2054,27.8446,7.9688,126.5021,19.7425,0.25,1.0
2026-02-27,T04,6.6524,0.0518,0.0285,18.1335,28.7965,7.9542,103.1354,19.915,0.25,1.0
2026-02-27,T05,6.4823,0.0454,0.0138,18.1169,28.0371,8.0375,110.4104,19.09,0.25,1.0
2026-02-27,T06,6.672,0.0442,0.0198,18.1642,27.9065,8.0015,109.0083,19.7935,0.25,1.0
2026-02-27,T07,6.9068,0.056,0.0111,18.1894,27.9333,7.9517,111.6542,20.4085,0.25,1.0
2026-02-27,T08,6.0176,0.0476,0.0266,18.0633,28.9771,7.8581,127.2646,20.9523,0.25,1.0
2026-02-28,T01,6.9027,0.0424,0.0234,18.5604,28.0229,7.976,105.5208,19.7973,0.25,1.0
2026-02-28,T02,6.5622,0.038,0.0218,18.4665,27.6971,8.0204,119.6396,19.5279,0.25,1.0
2026-02-28,T03,6.6232,0.0446,0.0304,18.5262,27.8669,7.9588,127.4958,19.8638,0.25,1.0
2026-02-28,T04,6.6232,0.0505,0.0292,18.606,28.7481,7.9502,103.8354,19.8948,0.25,1.0
2026-02-28,T05,6.4976,0.046,0.0132,18.5398,28.0588,8.0277,109.6979,19.0783,0.25,1.0
2026-02-28,T06,6.674,0.0453,0.0194,18.511,27.9319,8.001,108.9604,19.7817,0.25,1.0
2026-02-28,T07,6.8616,0.0595,0.0092,18.5304,27.9785,7.9469,111.6812,20.4142,0.25,1.0
2026-02-28,T08,6.03,0.0465,0.0278,18.5181,29.0098,7.8767,127.4979,20.9504,0.25,1.0
2026-03-01,T01,6.8954,0.0426,0.0233,18.95,27.9817,7.9765,105.9521,19.8371,0.25,1.0
2026-03-01,T02,6.5029,0.0385,0.0218,18.9385,27.6646,8.0238,119.1917,19.4696,0.25,1.0
2026-03-01,T03,6.5952,0.0433,0.0298,18.849,27.8038,7.9708,128.1875,19.8202,0.25,1.0
2026-03-01,T04,6.6579,0.0504,0.0279,18.9269,28.7521,7.9483,103.9188,19.9021,0.25,1.0
2026-03-01,T05,6.5153,0.043,0.0141,18.9462,28.095,8.0354,110.9167,19.1244,0.25,1.0
2026-03-01,T06,6.6572,0.044,0.0221,18.9296,27.924,7.9879,109.5458,19.8125,0.25,1.0
2026-03-01,T07,6.8835,0.0572,0.011,18.8521,27.9108,7.9483,111.2979,20.4154,0.25,1.0
2026-03-01,T08,6.007,0.0459,0.0278,18.9377,28.9642,7.8494,128.2083,21.036,0.25,1.0
2026-03-02,T01,6.8698,0.0415,0.0236,19.2729,27.9583,7.9719,106.3167,19.8221,0.25,1.0
2026-03-02,T02,6.5447,0.0382,0.021,19.3504,27.6598,8.016,119.0646,19.5131,0.25,1.0
2026-03-02,T03,6.5916,0.0421,0.0307,19.2733,27.8504,7.9671,127.5917,19.7892,0.25,1.0
2026-03-02,T04,6.6637,0.0511,0.0287,19.3506,28.7781,7.9488,102.4479,19.9079,0.25,1.0
2026-03-02,T05,6.5062,0.0441,0.0137,19.3054,28.0773,8.0383,109.7646,19.1342,0.25,1.0
2026-03-02,T06,6.6582,0.0436,0.0202,19.2288,27.9556,8.0092,109.8167,19.8571,0.25,1.0
2026-03-02,T07,6.8961,0.0577,0.0091,19.34,27.9994,7.9496,112.3854,20.4115,0.25,1.0
2026-03-02,T08,6.0052,0.0469,0.0283,19.2667,28.9788,7.8606,128.3708,20.9369,0.25,1.0
2026-03-03,T01,6.8953,0.0424,0.0231,19.6502,27.965,7.9752,106.0729,19.7617,0.25,1.0
2026-03-03,T02,6.5596,0.0378,0.0217,19.7227,27.6202,8.0235,119.0583,19.4771,0.25,1.0
2026-03-03,T03,6.5928,0.044,0.0292,19.7127,27.8831,7.964,127.4792,19.7827,0.25,1.0
2026-03-03,T04,6.7243,0.05,0.0284,19.6579,28.7075,7.9427,103.3458,19.9592,0.25,1.0
2026-03-03,T05,6.4777,0.0437,0.0134,19.6702,28.0523,8.0456,109.8812,19.0979,0.25,1.0
2026-03-03,T06,6.6694,0.0435,0.0214,19.5921,27.9338,7.9806,109.0167,19.7983,0.25,1.0
2026-03-03,T07,6.8945,0.0604,0.0102,19.7006,27.9442,7.9458,112.1083,20.3771,0.25,1.0
2026-03-03,T08,5.9585,0.0469,0.028,19.7183,29.0273,7.85,127.6875,20.9975,0.25,1.0
2026-03-04,T01,6.8986,0.0411,0.0227,20.0804,27.9967,7.9767,106.0917,19.7658,0.25,1.0
2026-03-04,T02,6.5555,0.0371,0.0227,20.076,27.6515,8.0094,118.8042,19.49,0.25,1.0
2026-03-04,T03,6.6019,0.0432,0.03,20.1258,27.8552,7.9675,127.0229,19.809,0.25,1.0
2026-03-04,T04,6.6769,0.0521,0.0295,20.1004,28.7477,7.9504,102.7479,19.9,0.25,1.0
2026-03-04,T05,6.4991,0.0445,0.0133,20.06,28.0929,8.0421,110.0875,19.0979,0.25,1.0
2026-03-04,T06,6.6543,0.044,0.0206,20.1152,27.9771,8.0085,109.2917,19.8242,0.25,1.0
2026-03-04,T07,6.9108,0.0573,0.0092,20.0415,27.9321,7.9523,112.6562,20.4188,0.25,1.0
2026-03-04,T08,6.0457,0.0474,0.0277,20.1438,28.9848,7.8635,127.8312,20.9519,0.25,1.0
2026-03-05,T01,6.9086,0.0417,0.0225,20.4727,27.9779,7.974,106.3854,19.8129,0.25,1.0
2026-03-05,T02,6.5331,0.0382,0.0219,20.5302,27.5662,8.0246,118.5729,19.4875,0.25,1.0
2026-03-05,T03,6.6543,0.0436,0.0298,20.5058,27.861,7.9652,126.5688,19.7717,0.25,1.0
2026-03-05,T04,6.662,0.0504,0.0291,20.4727,28.7362,7.945,102.6313,19.9385,0.25,1.0
2026-03-05,T05,6.4608,0.044,0.0136,20.511,28.0387,8.049,110.4458,19.1023,0.25,1.0
2026-03-05,T06,6.6645,0.0404,0.0201,20.4631,27.9002,8.0094,109.325,19.8248,0.25,1.0
2026-03-05,T07,6.8995,0.0575,0.0097,20.4479,27.9608,7.9519,112.1396,20.3979,0.25,1.0
2026-03-05,T08,6.028,0.0445,0.0283,20.3831,29.011,7.8688,127.6938,20.9842,0.25,1.0
2026-03-06,T01,6.8951,0.0426,0.023,20.8306,27.9867,7.9833,106.0542,19.7956,0.25,1.0
2026-03-06,T02,6.5363,0.0371,0.0226,20.8454,27.6275,8.0267,118.6167,19.5065,0.25,1.0
2026-03-06,T03,6.5969,0.0416,0.0297,20.9313,27.8106,7.9633,126.8354,19.7788,0.25,1.0
2026-03-06,T04,6.6763,0.0515,0.0292,20.8146,28.7462,7.956,103.2312,19.9273,0.25,1.0
2026-03-06,T05,6.4934,0.0442,0.0132,20.84,28.0512,8.0354,110.6333,19.1252,0.25,1.0
2026-03-06,T06,6.6637,0.0426,0.0198,20.8117,27.9283,8.0031,109.6729,19.8369,0.25,1.0
2026-03-06,T07,6.8851,0.0577,0.0104,20.9042,28.0148,7.9444,112.1854,20.4079,0.25,1.0
2026-03-06,T08,5.9766,0.0434,0.0282,20.8702,29.0123,7.8677,127.7062,20.9069,0.25,1.0
2026-03-07,T01,6.8553,0.0412,0.0226,21.1929,27.9815,7.9825,105.9542,19.8477,0.25,1.0
2026-03-07,T02,6.5246,0.0371,0.022,21.2108,27.6331,8.026,118.6062,19.4927,0.25,1.0
2026-03-07,T03,6.5743,0.0408,0.0302,21.276,27.8454,7.9688,127.0583,19.7948,0.25,1.0
2026-03-07,T04,6.6542,0.0507,0.0291,21.2954,28.7942,7.9458,102.8083,19.916,0.25,1.0
2026-03-07,T05,6.4885,0.0452,0.0137,21.2271,28.0521,8.0296,111.0979,19.0952,0.25,1.0
2026-03-07,T06,6.6331,0.043,0.0195,21.1988,27.9267,8.0015,109.175,19.7352,0.25,1.0
2026-03-07,T07,6.8569,0.0579,0.0096,21.2192,28.0012,7.956,111.6146,20.4265,0.25,1.0
2026-03-07,T08,6.0199,0.0441,0.0279,21.3185,28.999,7.8638,127.7583,20.9817,0.25,1.0
2026-03-08,T01,6.8937,0.0422,0.023,21.5704,27.9646,7.9794,106.2917,19.8173,0.25,1.0
2026-03-08,T02,6.5566,0.0378,0.0231,21.5877,27.6012,8.0119,118.575,19.554,0.25,1.0
2026-03-08,T03,6.6076,0.0445,0.0292,21.6298,27.8448,7.9581,127.0188,19.83,0.25,1.0
2026-03-08,T04,6.6952,0.0524,0.0302,21.6079,28.721,7.9442,103.1708,19.9317,0.25,1.0
2026-03-08,T05,6.5019,0.0442,0.0124,21.5975,28.0302,8.0296,110.9562,19.2017,0.25,1.0
2026-03-08,T06,6.6461,0.0432,0.0199,21.636,27.9571,7.9831,109.8625,19.7919,0.25,1.0
2026-03-08,T07,6.8894,0.0569,0.0102,21.5954,27.9819,7.9373,110.6771,20.3898,0.25,1.0
2026-03-08,T08,5.9806,0.0452,0.0278,21.5952,28.9548,7.8708,127.775,20.9746,0.25,1.0
2026-03-09,T01,6.9124,0.0437,0.0241,22.0629,27.9894,7.9817,105.2417,19.7879,0.25,1.0
2026-03-09,T02,6.4996,0.0366,0.0218,22.0092,27.671,8.0267,119.4125,19.5377,0.25,1.0
2026-03-09,T03,6.6157,0.0429,0.0311,21.9735,27.8748,7.9648,126.9854,19.8238,0.25,1.0
2026-03-09,T04,6.6713,0.0516,0.0289,22.0015,28.7475,7.9467,103.6604,19.9156,0.25,1.0
2026-03-09,T05,6.5241,0.0466,0.0131,21.9619,28.0642,8.0294,110.8146,19.16,0.25,1.0
2026-03-09,T06,6.6932,0.042,0.0198,22.0875,27.9458,8.0046,109.9938,19.8054,0.25,1.0
2026-03-09,T07,6.9188,0.0547,0.0111,21.9867,27.9394,7.9425,111.7646,20.3254,0.25,1.0
2026-03-09,T08,6.0229,0.0453,0.0274,22.106,28.9915,7.8704,128.0917,20.9467,0.25,1.0
2026-03-10,T01,6.9399,0.0415,0.0243,22.3827,27.9608,7.9812,106.8729,19.854,0.25,1.0
2026-03-10,T02,6.5331,0.0385,0.0229,22.3942,27.6377,8.0212,118.3146,19.4846,0.25,1.0
2026-03-10,T03,6.6032,0.0429,0.0301,22.3779,27.8267,7.9665,126.5604,19.7935,0.25,1.0
2026-03-10,T04,6.6797,0.0517,0.029,22.4254,28.7115,7.9594,103.0521,19.9302,0.25,1.0
2026-03-10,T05,6.508,0.0438,0.0135,22.3917,28.1073,8.0354,110.55,19.0927,0.25,1.0
2026-03-10,T06,6.6279,0.0428,0.0197,22.4315,27.9465,8.0004,109.2792,19.7817,0.25,1.0
2026-03-10,T07,6.8898,0.0571,0.0099,22.3812,27.9217,7.9485,112.3021,20.394,0.25,1.0
2026-03-10,T08,6.031,0.0458,0.0277,22.3627,29.026,7.8588,127.9062,20.9131,0.25,1.0
2026-03-11,T01,6.9221,0.0416,0.0239,22.766,27.9225,7.9842,106.7167,19.7702,0.25,1.0
2026-03-11,T02,6.5146,0.039,0.0217,22.7394,27.6171,8.0071,118.8604,19.4615,0.25,1.0
2026-03-11,T03,6.6324,0.042,0.0283,22.8438,27.8317,7.9733,126.9333,19.7965,0.25,1.0
2026-03-11,T04,6.6941,0.05,0.0296,22.8221,28.7125,7.9371,103.4562,19.9183,0.25,1.0
2026-03-11,T05,6.5133,0.0446,0.0131,22.7644,28.0706,8.0444,110.9646,19.1967,0.25,1.0
2026-03-11,T06,6.6013,0.0445,0.0206,22.8083,27.8819,7.9992,109.3312,19.8042,0.25,1.0
2026-03-11,T07,6.9101,0.0584,0.0105,22.7869,27.9135,7.9458,112.0646,20.4398,0.25,1.0
2026-03-11,T08,6.0195,0.0468,0.0285,22.7788,28.9965,7.8592,128.0875,20.9752,0.25,1.0
2026-03-12,T01,6.8534,0.0416,0.0239,23.1908,27.9417,7.9752,106.0167,19.7365,0.25,1.0
2026-03-12,T02,6.5311,0.037,0.0219,23.2242,27.6923,8.0162,119.1875,19.5108,0.25,1.0
2026-03-12,T03,6.5935,0.0426,0.0292,23.2419,27.8558,7.9515,126.9583,19.7758,0.25,1.0
2026-03-12,T04,6.708,0.0496,0.0308,23.2219,28.7985,7.9415,103.575,19.9552,0.25,1.0
2026-03-12,T05,6.4633,0.045,0.0125,23.1169,28.0504,8.0329,110.3688,19.1371,0.25,1.0
2026-03-12,T06,6.7032,0.043,0.0212,23.189,27.96,8.0117,110.1271,19.7569,0.25,1.0
2026-03-12,T07,6.8844,0.0548,0.0101,23.1171,27.9877,7.9408,111.4271,20.3956,0.25,1.0
2026-03-12,T08,5.99,0.0443,0.0285,23.205,28.944,7.861,127.3583,20.9877,0.25,1.0
2026-03-13,T01,6.9051,0.0415,0.0234,23.569,27.9569,7.9873,106.2896,19.8152,0.25,1.0
2026-03-13,T02,6.5384,0.0394,0.0218,23.5769,27.6671,8.0229,119.0979,19.5096,0.25,1.0
2026-03-13,T03,6.6146,0.0426,0.03,23.535,27.8508,7.9685,127.5396,19.8452,0.25,1.0
2026-03-13,T04,6.649,0.0488,0.0296,23.5494,28.7665,7.9588,102.9542,19.8935,0.25,1.0
2026-03-13,T05,6.5091,0.0454,0.0138,23.6483,28.1119,8.0571,110.4146,19.0837,0.25,1.0
2026-03-13,T06,6.6789,0.0424,0.0202,23.5871,27.9015,8.0033,109.75,19.7977,0.25,1.0
2026-03-13,T07,6.8637,0.0567,0.0108,23.5258,27.9715,7.9496,111.8771,20.365,0.25,1.0
2026-03-13,T08,5.9959,0.0446,0.0286,23.5377,28.9435,7.8629,127.6708,20.9769,0.25,1.0
2026-03-14,T01,6.8858,0.0437,0.0236,23.9538,27.9771,7.995,105.6396,19.7621,0.25,1.0
2026-03-14,T02,6.5581,0.0362,0.0224,23.9927,27.6781,8.0083,119.1938,19.5381,0.25,1.0
2026-03-14,T03,6.613,0.0413,0.0306,23.9185,27.7981,7.97,126.7271,19.8269,0.25,1.0
2026-03-14,T04,6.6782,0.0509,0.0289,23.9227,28.7869,7.949,103.4417,19.9515,0.25,1.0
2026-03-14,T05,6.4804,0.0447,0.0127,23.9271,28.0631,8.0273,110.7521,19.1094,0.25,1.0
2026-03-14,T06,6.6991,0.0429,0.0206,23.9615,27.9515,7.9912,109.1562,19.7948,0.25,1.0
2026-03-14,T07,6.9109,0.0569,0.0104,24.0946,28.0377,7.9448,111.5979,20.3948,0.25,1.0
2026-03-14,T08,6.0101,0.0456,0.028,23.9429,28.9798,7.8706,128.3563,20.9873,0.25,1.0
2026-03-15,T01,6.9003,0.0409,0.0233,24.3112,27.9275,7.976,105.5,19.7756,0.25,1.0
2026-03-15,T02,6.5744,0.0367,0.022,24.3546,27.6212,8.0229,119.7688,19.535,0.25,1.0
2026-03-15,T03,6.6047,0.0431,0.0307,24.3706,27.8308,7.961,126.3042,19.7956,0.25,1.0
2026-03-15,T04,6.659,0.0518,0.0279,24.3529,28.735,7.9398,103.4604,19.9494,0.25,1.0
2026-03-15,T05,6.4719,0.0438,0.0138,24.3627,28.0673,8.0335,109.6062,19.141,0.25,1.0
2026-03-15,T06,6.6493,0.0429,0.0198,24.3673,27.9358,7.9956,109.5979,19.7692,0.25,1.0
2026-03-15,T07,6.9136,0.0562,0.01,24.331,27.9385,7.9525,111.7208,20.3896,0.25,1.0
2026-03-15,T08,6.05,0.0443,0.0278,24.3675,29.0388,7.8662,127.6917,20.9425,0.25,1.0
2026-03-16,T01,6.8907,0.0407,0.0251,24.7594,28.0019,7.9794,105.9312,19.8221,0.25,1.0
2026-03-16,T02,6.5208,0.0376,0.0232,24.7227,27.6673,8.0198,119.0229,19.4971,0.25,1.0
2026-03-16,T03,6.5857,0.0425,0.0299,24.7108,27.8758,7.9638,127.3958,19.7942,0.25,1.0
2026-03-16,T04,6.6661,0.0508,0.0279,24.796,28.7621,7.9379,103.4875,19.9181,0.25,1.0
2026-03-16,T05,6.4852,0.0474,0.0132,24.8183,28.0438,8.041,110.3833,19.1348,0.25,1.0
2026-03-16,T06,6.6603,0.046,0.019,24.7585,27.9738,7.9958,109.7542,19.7527,0.25,1.0
2026-03-16,T07,6.8764,0.0575,0.0103,24.7267,27.9502,7.9425,112.2167,20.3335,0.25,1.0
2026-03-16,T08,6.0297,0.0454,0.0285,24.7602,28.9771,7.8602,127.7438,21.0215,0.25,1.0
2026-03-17,T01,6.9013,0.0418,0.0237,25.1331,27.9542,7.974,106.1896,19.7858,0.25,1.0
2026-03-17,T02,6.5172,0.038,0.0218,25.1981,27.6515,8.0152,118.7917,19.4869,0.25,1.0
2026-03-17,T03,6.567,0.0415,0.0294,25.1529,27.8585,7.9652,127.1,19.8471,0.25,1.0
2026-03-17,T04,6.6745,0.0522,0.0282,25.174,28.7475,7.9362,103.6375,19.9144,0.25,1.0
2026-03-17,T05,6.514,0.0449,0.0139,25.1469,28.0415,8.0481,109.7208,19.1356,0.25,1.0
2026-03-17,T06,6.6988,0.0435,0.0196,25.1808,27.9367,7.9948,108.75,19.7546,0.25,1.0
2026-03-17,T07,6.858,0.0573,0.0093,25.1388,27.9338,7.9444,112.0708,20.374,0.25,1.0
2026-03-17,T08,6.0144,0.0445,0.0286,25.1362,29.0281,7.8592,127.2875,21.0169,0.25,1.0
2026-03-18,T01,6.9017,0.0434,0.0247,25.4967,27.9821,7.98,106.125,19.7654,0.25,1.0
2026-03-18,T02,6.5615,0.038,0.0226,25.5162,27.6258,8.0106,118.7792,19.5221,0.25,1.0
2026-03-18,T03,6.5939,0.0432,0.0302,25.514,27.8069,7.9656,127.4229,19.7975,0.25,1.0
2026-03-18,T04,6.6776,0.0511,0.0285,25.5548,28.7358,7.949,103.2188,19.9781,0.25,1.0
2026-03-18,T05,6.5102,0.0451,0.0144,25.5792,28.0871,8.0394,109.9104,19.1288,0.25,1.0
2026-03-18,T06,6.6307,0.0443,0.0198,25.516,27.9783,8.0046,109.475,19.7744,0.25,1.0
2026-03-18,T07,6.8785,0.0581,0.0097,25.5544,27.9706,7.9483,112.0104,20.3446,0.25,1.0
2026-03-18,T08,6.0036,0.0454,0.0273,25.491,28.9735,7.8748,128.1542,20.9638,0.25,1.0
2026-03-19,T01,6.9041,0.0432,0.0228,25.8844,27.9617,7.9831,105.6292,19.78,0.25,1.0
2026-03-19,T02,6.5182,0.0365,0.0225,26.0169,27.6558,8.0202,118.8938,19.5202,0.25,1.0
2026-03-19,T03,6.6156,0.0435,0.0292,25.8685,27.8352,7.9608,126.5146,19.809,0.25,1.0
2026-03-19,T04,6.6751,0.0506,0.0272,25.8898,28.7488,7.9448,103.2479,19.9335,0.25,1.0
2026-03-19,T05,6.501,0.0439,0.0131,25.9119,28.1177,8.0515,109.4896,19.1367,0.25,1.0
2026-03-19,T06,6.6566,0.0438,0.0202,25.8369,27.9496,8.0058,109.4083,19.8004,0.25,1.0
2026-03-19,T07,6.8758,0.0569,0.0099,25.8648,27.8938,7.9527,112.3292,20.3792,0.25,1.0
2026-03-19,T08,5.9727,0.0451,0.0278,25.8829,29.0331,7.8673,128.2875,20.954,0.25,1.0
2026-03-20,T01,6.8828,0.0442,0.0237,26.3169,27.9665,7.9852,106.4646,19.8142,0.25,1.0
2026-03-20,T02,6.5172,0.036,0.0212,26.3073,27.6492,8.0252,119.0438,19.5071,0.25,1.0
2026-03-20,T03,6.6103,0.0419,0.0298,26.2765,27.8446,7.9656,126.7917,19.8138,0.25,1.0
2026-03-20,T04,6.69,0.0508,0.0291,26.3169,28.7198,7.9502,101.9854,19.9112,0.25,1.0
2026-03-20,T05,6.5047,0.0444,0.0137,26.2696,28.0706,8.0506,110.1708,19.1171,0.25,1.0
2026-03-20,T06,6.6598,0.0432,0.0197,26.3721,27.9781,8.0,109.0479,19.7275,0.25,1.0
2026-03-20,T07,6.8421,0.0567,0.0096,26.2621,27.9885,7.9554,111.2521,20.3673,0.25,1.0
2026-03-20,T08,6.0108,0.0457,0.0288,26.329,28.9667,7.8721,127.9354,20.9402,0.25,1.0
2026-03-21,T01,6.8777,0.0402,0.0234,26.6227,27.9698,7.9798,106.4958,19.7588,0.25,1.0
2026-03-21,T02,6.5556,0.0364,0.0221,26.6908,27.699,8.0212,119.4042,19.4948,0.25,1.0
2026-03-21,T03,6.5985,0.0447,0.0306,26.7562,27.8481,7.9577,127.5083,19.8038,0.25,1.0
2026-03-21,T04,6.6775,0.0505,0.0298,26.7038,28.7067,7.9415,103.5208,19.9327,0.25,1.0
2026-03-21,T05,6.5422,0.0458,0.0134,26.6819,28.0665,8.0365,109.8562,19.1096,0.25,1.0
2026-03-21,T06,6.6609,0.0433,0.0197,26.6946,27.9156,8.0042,109.5188,19.8356,0.25,1.0
2026-03-21,T07,6.8942,0.0576,0.0106,26.6721,28.0112,7.9462,111.4958,20.3621,0.25,1.0
2026-03-21,T08,6.03,0.0461,0.0283,26.6637,29.0119,7.8602,127.5062,20.9885,0.25,1.0
2026-03-22,T01,6.8762,0.0422,0.024,27.0908,27.9033,7.9798,106.5271,19.7502,0.25,1.0
2026-03-22,T02,6.504,0.0371,0.0216,27.2356,27.6198,8.0127,118.7646,19.4679,0.25,1.0
2026-03-22,T03,6.5886,0.0429,0.03,27.1088,27.8621,7.9629,127.025,19.8146,0.25,1.0
2026-03-22,T04,6.7043,0.0511,0.029,27.0598,28.7406,7.9556,103.1458,19.9152,0.25,1.0
2026-03-22,T05,6.5098,0.045,0.0135,27.0635,27.995,8.0488,110.1104,19.0858,0.25,1.0
2026-03-22,T06,6.6479,0.0457,0.0215,27.1077,27.8754,8.0,110.0979,19.8023,0.25,1.0
2026-03-22,T07,6.8988,0.0601,0.0105,27.0269,27.979,7.9565,112.0354,20.3977,0.25,1.0
2026-03-22,T08,6.0343,0.0441,0.0282,27.0562,28.9608,7.8521,128.0854,20.9662,0.25,1.0
2026-03-23,T01,6.8788,0.0407,0.0245,27.5294,27.9927,7.9771,105.2938,19.8171,0.25,1.0
2026-03-23,T02,6.5682,0.0342,0.0239,27.5075,27.6921,8.019,118.0646,19.4838,0.25,1.0
2026-03-23,T03,6.6202,0.0418,0.0297,27.4265,27.8888,7.9585,127.4688,19.7965,0.25,1.0
2026-03-23,T04,6.6909,0.05,0.0303,27.4815,28.7717,7.9423,103.7437,19.8894,0.25,1.0
2026-03-23,T05,6.4476,0.0463,0.0138,27.445,28.0575,8.0469,110.7688,19.1246,0.25,1.0
2026-03-23,T06,6.6765,0.0412,0.021,27.4781,27.9312,7.9919,110.3917,19.7946,0.25,1.0
2026-03-23,T07,6.8845,0.0567,0.0101,27.4613,27.9302,7.9571,112.2125,20.381,0.25,1.0
2026-03-23,T08,6.0328,0.045,0.0284,27.546,29.0423,7.871,127.3583,20.9875,0.25,1.0
2026-03-24,T01,6.8671,0.043,0.0238,27.7977,27.9975,7.9702,106.7188,19.8177,0.25,1.0
2026-03-24,T02,6.5456,0.0376,0.022,27.8679,27.6996,8.024,118.7167,19.4783,0.25,1.0
2026-03-24,T03,6.6106,0.0433,0.0301,27.8712,27.8388,7.9775,127.4917,19.8112,0.25,1.0
2026-03-24,T04,6.6982,0.0511,0.0294,27.9294,28.7856,7.9442,103.8271,19.9225,0.25,1.0
2026-03-24,T05,6.466,0.0458,0.0148,27.9115,28.099,8.0515,110.0667,19.0912,0.25,1.0
2026-03-24,T06,6.6616,0.0451,0.0199,27.9335,27.8973,7.9896,109.8667,19.761,0.25,1.0
2026-03-24,T07,6.8715,0.0568,0.0109,27.8635,27.9275,7.9596,112.0021,20.3958,0.25,1.0
2026-03-24,T08,5.992,0.0473,0.0283,27.8038,28.985,7.8715,127.9896,20.9958,0.25,1.0
2026-03-25,T01,6.8639,0.0444,0.0235,28.3035,27.9696,7.9856,106.3771,19.8079,0.25,1.0
2026-03-25,T02,6.5781,0.0375,0.0219,28.2656,27.6417,8.0194,119.5417,19.5375,0.25,1.0
2026-03-25,T03,6.5948,0.0442,0.0293,28.2994,27.7962,7.9644,126.9312,19.8185,0.25,1.0
2026-03-25,T04,6.6627,0.0517,0.0292,28.2521,28.735,7.9492,103.7146,19.9417,0.25,1.0
2026-03-25,T05,6.5226,0.0439,0.0122,28.2973,28.0571,8.046,110.1062,19.1273,0.25,1.0
2026-03-25,T06,6.6597,0.0432,0.02,28.2904,27.9212,8.0054,109.5625,19.7796,0.25,1.0
2026-03-25,T07,6.865,0.0571,0.0102,28.2402,27.9067,7.951,110.9646,20.3735,0.25,1.0
2026-03-25,T08,6.0086,0.0469,0.0276,28.2871,28.9906,7.8638,127.3146,20.9825,0.25,1.0
2026-03-26,T01,6.891,0.0422,0.0237,28.6358,27.9381,7.985,106.2438,19.8102,0.25,1.0
2026-03-26,T02,6.5554,0.0368,0.0235,28.6271,27.6533,8.0187,119.8208,19.5073,0.25,1.0
2026-03-26,T03,6.5645,0.0429,0.0296,28.5996,27.8967,7.9619,126.925,19.8231,0.25,1.0
2026-03-26,T04,6.6551,0.0481,0.0302,28.6535,28.7183,7.9317,103.2146,19.9115,0.25,1.0
2026-03-26,T05,6.4908,0.0452,0.0132,28.6575,28.0488,8.0502,110.0979,19.0867,0.25,1.0
2026-03-26,T06,6.6512,0.045,0.0199,28.6669,27.9308,7.9933,109.1771,19.7846,0.25,1.0
2026-03-26,T07,6.8524,0.0565,0.0103,28.6817,27.9779,7.9577,111.3479,20.4606,0.25,1.0
2026-03-26,T08,5.9705,0.0434,0.0279,28.7073,28.9665,7.8731,127.8188,20.9823,0.25,1.0
2026-03-27,T01,6.8688,0.0433,0.0234,28.984,27.9625,7.9825,106.2562,19.775,0.25,1.0
2026-03-27,T02,6.5327,0.0362,0.0228,29.014,27.6606,8.0162,119.1854,19.464,0.25,1.0
2026-03-27,T03,6.623,0.0414,0.0302,29.0323,27.7894,7.9573,127.1812,19.8146,0.25,1.0
2026-03-27,T04,6.6923,0.0521,0.0292,29.0256,28.759,7.9519,103.6333,19.8775,0.25,1.0
2026-03-27,T05,6.4978,0.045,0.0132,29.0319,28.0423,8.0319,110.3688,19.1415,0.25,1.0
2026-03-27,T06,6.6561,0.0417,0.0202,29.0385,27.956,8.0029,109.5062,19.7608,0.25,1.0
2026-03-27,T07,6.8548,0.0583,0.0105,29.0269,27.9121,7.9542,111.8667,20.3631,0.25,1.0
2026-03-27,T08,6.0344,0.0459,0.0277,29.0127,29.0138,7.8704,127.5667,20.9331,0.25,1.0
2026-03-28,T01,6.9022,0.0406,0.0226,29.3858,27.9367,7.9844,105.5938,19.7788,0.25,1.0
2026-03-28,T02,6.523,0.0363,0.0221,29.4412,27.6502,8.0115,118.9396,19.5225,0.25,1.0
2026-03-28,T03,6.6161,0.042,0.0306,29.455,27.8396,7.9698,127.8083,19.8544,0.25,1.0
2026-03-28,T04,6.6756,0.0479,0.0287,29.386,28.736,7.941,103.4167,19.9208,0.25,1.0
2026-03-28,T05,6.5122,0.0442,0.0139,29.3696,28.0271,8.044,111.5875,19.1538,0.25,1.0
2026-03-28,T06,6.6876,0.0434,0.0203,29.3685,27.9283,7.994,110.2292,19.8329,0.25,1.0
2026-03-28,T07,6.8891,0.0554,0.0099,29.4635,27.9431,7.9519,111.7958,20.3962,0.25,1.0
2026-03-28,T08,5.9704,0.0449,0.0273,29.4502,28.9862,7.8704,128.0042,21.0035,0.25,1.0
2026-03-29,T01,6.9093,0.042,0.0243,29.8058,27.9146,7.9804,106.0188,19.7981,0.25,1.0
2026-03-29,T02,6.549,0.0393,0.0221,29.7779,27.651,8.0179,118.7375,19.5515,0.25,1.0
2026-03-29,T03,6.6002,0.0436,0.0299,29.8294,27.7844,7.9502,127.7229,19.7992,0.25,1.0
2026-03-29,T04,6.7229,0.0521,0.0299,29.8048,28.7729,7.9385,103.5,19.9273,0.25,1.0
2026-03-29,T05,6.5036,0.0444,0.0137,29.8306,28.0344,8.0435,110.7729,19.0821,0.25,1.0
2026-03-29,T06,6.6794,0.0441,0.0195,29.8298,27.8852,8.006,109.9583,19.786,0.25,1.0
2026-03-29,T07,6.9198,0.059,0.0112,29.8031,27.9212,7.9438,111.8604,20.4004,0.25,1.0
2026-03-29,T08,5.9894,0.0435,0.0275,29.7865,28.996,7.8558,128.1354,20.9985,0.25,1.0
2026-03-30,T01,6.8867,0.0412,0.0237,30.2054,27.954,7.9748,105.4729,19.7385,0.25,1.0
2026-03-30,T02,6.5546,0.0363,0.0219,30.201,27.6515,8.0085,118.9688,19.5333,0.25,1.0
2026-03-30,T03,6.6166,0.0426,0.0293,30.206,27.8385,7.9627,127.6083,19.8419,0.25,1.0
2026-03-30,T04,6.6658,0.052,0.0291,30.199,28.7125,7.9406,103.3354,19.9188,0.25,1.0
2026-03-30,T05,6.4916,0.0438,0.0134,30.1888,28.0669,8.0383,110.3062,19.1494,0.25,1.0
2026-03-30,T06,6.6261,0.0432,0.0192,30.1538,27.9781,8.0158,109.7354,19.8167,0.25,1.0
2026-03-30,T07,6.8941,0.0575,0.0091,30.1648,27.9506,7.9481,111.6375,20.4273,0.25,1.0
2026-03-30,T08,6.0183,0.0456,0.0288,30.1158,28.9696,7.8548,127.4771,20.9977,0.25,1.0
2026-03-31,T01,6.9057,0.0434,0.0233,30.535,27.9585,7.9877,105.6229,19.806,0.25,1.0
2026-03-31,T02,6.5464,0.038,0.022,30.6035,27.6585,8.0244,119.3604,19.5296,0.25,1.0
2026-03-31,T03,6.623,0.0424,0.0309,30.6038,27.8125,7.966,127.1646,19.7885,0.25,1.0
2026-03-31,T04,6.6741,0.05,0.0282,30.6071,28.7267,7.945,102.1,19.961,0.25,1.0
2026-03-31,T05,6.4934,0.0449,0.0129,30.5783,28.0396,8.0379,110.6458,19.0698,0.25,1.0
2026-03-31,T06,6.6885,0.0445,0.0206,30.5844,27.9252,7.9933,109.6688,19.8171,0.25,1.0
2026-03-31,T07,6.8879,0.0574,0.0101,30.6129,27.9238,7.9431,111.8188,20.4275,0.25,1.0
2026-03-31,T08,5.9787,0.0453,0.0273,30.5073,29.0146,7.8575,126.8604,20.9313,0.25,1.0
2026-04-01,T01,6.8782,0.043,0.0237,30.9927,27.985,7.9912,107.0354,19.8081,0.25,1.0
2026-04-01,T02,6.5231,0.039,0.0225,30.9725,27.651,8.0098,118.1917,19.5256,0.25,1.0
2026-04-01,T03,6.5964,0.0441,0.0303,30.994,27.8258,7.9677,126.8438,19.7773,0.25,1.0
2026-04-01,T04,6.6513,0.0518,0.0297,31.0208,28.765,7.9431,102.7542,19.9288,0.25,1.0
2026-04-01,T05,6.5325,0.0423,0.0127,30.9765,28.0925,8.0352,109.5417,19.1171,0.25,1.0
2026-04-01,T06,6.6423,0.0428,0.0202,30.9312,27.9227,7.9898,108.6833,19.8246,0.25,1.0
2026-04-01,T07,6.8622,0.0583,0.0095,30.9996,27.9606,7.9496,112.0729,20.3931,0.25,1.0
2026-04-01,T08,5.9932,0.0468,0.0279,30.9754,28.9981,7.8619,127.1146,21.011,0.25,1.0
2026-04-02,T01,6.8735,0.0429,0.0248,31.4412,27.9896,7.965,106.6062,19.7827,0.25,1.0
2026-04-02,T02,6.5857,0.0369,0.0218,31.2894,27.6448,8.0183,119.0917,19.5123,0.25,1.0
2026-04-02,T03,6.6262,0.0424,0.0296,31.3912,27.8223,7.9658,127.575,19.8129,0.25,1.0
2026-04-02,T04,6.6516,0.0503,0.0288,31.3873,28.7971,7.9433,103.0708,19.9102,0.25,1.0
2026-04-02,T05,6.4985,0.0458,0.0132,31.4429,28.0479,8.0398,110.6271,19.121,0.25,1.0
2026-04-02,T06,6.6864,0.0433,0.0207,31.3142,27.9227,7.9931,108.6208,19.8046,0.25,1.0
2026-04-02,T07,6.8729,0.058,0.0103,31.3269,27.9581,7.9615,111.3438,20.3919,0.25,1.0
2026-04-02,T08,6.0237,0.0445,0.0284,31.3344,28.9952,7.8688,127.2729,20.9877,0.25,1.0
2026-04-03,T01,6.8429,0.0437,0.0246,31.7015,27.9481,7.9788,105.9333,19.779,0.25,1.0
2026-04-03,T02,6.5642,0.0379,0.0231,31.815,27.6588,8.0115,119.1896,19.4929,0.25,1.0
2026-04-03,T03,6.57,0.0443,0.0297,31.7606,27.8258,7.9671,127.4542,19.8281,0.25,1.0
2026-04-03,T04,6.6979,0.0495,0.0289,31.7598,28.7048,7.9448,102.8479,19.9056,0.25,1.0
2026-04-03,T05,6.5155,0.0444,0.0136,31.7113,28.1027,8.0417,109.8021,19.1298,0.25,1.0
2026-04-03,T06,6.6567,0.045,0.0199,31.7646,27.9358,7.9879,108.5688,19.7965,0.25,1.0
2026-04-03,T07,6.894,0.057,0.01,31.7467,27.9281,7.9435,112.1542,20.3556,0.25,1.0
2026-04-03,T08,6.0468,0.0456,0.0283,31.7148,28.971,7.8533,127.2833,20.9575,0.25,1.0
2026-04-04,T01,6.8891,0.0436,0.0227,32.1665,27.9302,7.9658,106.4979,19.9035,0.25,1.0
2026-04-04,T02,6.5354,0.0369,0.0229,32.1346,27.6398,8.025,118.9542,19.4688,0.25,1.0
2026-04-04,T03,6.5514,0.0432,0.0292,32.1983,27.8721,7.9585,126.8417,19.801,0.25,1.0
2026-04-04,T04,6.6746,0.0547,0.0301,32.1512,28.7306,7.9398,102.5729,19.9215,0.25,1.0
2026-04-04,T05,6.4868,0.0441,0.0132,32.1373,28.0012,8.046,110.5771,19.0969,0.25,1.0
2026-04-04,T06,6.6594,0.0439,0.0202,32.1271,27.9117,7.9923,109.5229,19.8179,0.25,1.0
2026-04-04,T07,6.8513,0.0569,0.0094,32.084,27.9671,7.9433,111.6208,20.3717,0.25,1.0
2026-04-04,T08,5.9926,0.044,0.0276,32.1267,28.9569,7.8506,127.3396,21.014,0.25,1.0
2026-04-05,T01,6.8857,0.0414,0.023,32.5973,27.951,7.9762,106.3208,19.7204,0.25,1.0
2026-04-05,T02,6.5676,0.0363,0.0225,32.5181,27.6954,8.0067,118.5208,19.5025,0.25,1.0
2026-04-05,T03,6.6277,0.0426,0.0294,32.5329,27.8615,7.9756,127.5312,19.7717,0.25,1.0
2026-04-05,T04,6.6828,0.0519,0.0301,32.4525,28.7683,7.9554,102.7812,19.9012,0.25,1.0
2026-04-05,T05,6.4941,0.043,0.0136,32.4727,28.0906,8.0467,109.5292,19.121,0.25,1.0
2026-04-05,T06,6.6555,0.0424,0.0195,32.5844,27.974,7.9998,109.9625,19.7842,0.25,1.0
2026-04-05,T07,6.896,0.0576,0.0102,32.5054,27.9256,7.9431,111.625,20.4133,0.25,1.0
2026-04-05,T08,6.0022,0.0463,0.0281,32.4719,28.9885,7.8708,127.7104,21.0094,0.25,1.0
2026-04-06,T01,6.9009,0.0433,0.024,32.9069,27.9465,7.9804,106.2708,19.8046,0.25,1.0
2026-04-06,T02,6.5595,0.0383,0.0225,32.959,27.7133,8.0067,119.2958,19.5519,0.25,1.0
2026-04-06,T03,6.6236,0.0437,0.0296,32.9219,27.8388,7.9606,127.4667,19.8,0.25,1.0
2026-04-06,T04,6.658,0.0514,0.0292,32.8983,28.7473,7.9427,102.9979,19.9042,0.25,1.0
2026-04-06,T05,6.4796,0.0442,0.0121,32.8773,28.0742,8.03,110.6438,19.1102,0.25,1.0
2026-04-06,T06,6.6519,0.0427,0.0201,32.8652,27.9271,8.0004,109.3875,19.7942,0.25,1.0
2026-04-06,T07,6.9043,0.0561,0.0111,32.8729,27.9292,7.9504,111.3417,20.4365,0.25,1.0
2026-04-06,T08,5.9991,0.0437,0.0278,32.9152,28.9827,7.8433,127.1354,21.0044,0.25,1.0
2026-04-07,T01,6.8687,0.0428,0.024,33.2929,27.9723,7.9788,105.8021,19.7569,0.25,1.0
2026-04-07,T02,6.5048,0.0384,0.0223,33.3017,27.6806,8.015,119.6229,19.5312,0.25,1.0
2026-04-07,T03,6.5868,0.0425,0.0293,33.3567,27.8462,7.9635,127.5833,19.7552,0.25,1.0
2026-04-07,T04,6.7031,0.0511,0.0291,33.2833,28.7215,7.9383,103.5146,19.885,0.25,1.0
2026-04-07,T05,6.4793,0.044,0.0128,33.3175,28.0483,8.0456,110.4896,19.0788,0.25,1.0
2026-04-07,T06,6.6615,0.0441,0.02,33.3027,27.9121,7.9996,109.3104,19.804,0.25,1.0
2026-04-07,T07,6.8787,0.0586,0.011,33.3594,27.9233,7.9577,112.0083,20.3892,0.25,1.0
2026-04-07,T08,5.9955,0.0444,0.0282,33.2804,28.94,7.8673,128.5896,20.9135,0.25,1.0
2026-04-08,T01,6.8569,0.0395,0.023,33.6896,27.9862,7.9785,105.7229,19.7846,0.25,1.0
2026-04-08,T02,6.5534,0.0359,0.0212,33.6392,27.6392,8.0133,118.6312,19.4596,0.25,1.0
2026-04-08,T03,6.542,0.0431,0.03,33.7712,27.8654,7.9552,127.0062,19.8385,0.25,1.0
2026-04-08,T04,6.6997,0.0497,0.0299,33.6054,28.7323,7.934,102.8896,19.8998,0.25,1.0
2026-04-08,T05,6.4767,0.0457,0.0131,33.7219,28.0627,8.0325,110.7771,19.1258,0.25,1.0
2026-04-08,T06,6.664,0.0441,0.0203,33.6804,27.8948,8.0004,109.4542,19.8238,0.25,1.0
2026-04-08,T07,6.9144,0.0575,0.0102,33.7025,27.9567,7.954,111.8333,20.3852,0.25,1.0
2026-04-08,T08,6.012,0.0447,0.0289,33.7575,28.9644,7.8752,127.5354,20.9873,0.25,1.0
2026-04-09,T01,6.8825,0.0427,0.0226,34.0656,27.97,7.9779,106.4792,19.82,0.25,1.0
2026-04-09,T02,6.5466,0.0379,0.0217,34.0667,27.6812,8.02,119.4458,19.5404,0.25,1.0
2026-04-09,T03,6.591,0.0425,0.0303,34.105,27.8346,7.9567,127.2146,19.8223,0.25,1.0
2026-04-09,T04,6.6595,0.0541,0.0282,34.0235,28.7669,7.9533,102.3896,19.8962,0.25,1.0
2026-04-09,T05,6.4506,0.0451,0.0142,34.0421,28.074,8.0402,109.6729,19.119,0.25,1.0
2026-04-09,T06,6.6367,0.0428,0.0196,34.0656,27.9729,8.0148,109.325,19.8077,0.25,1.0
2026-04-09,T07,6.8644,0.0565,0.0094,34.1231,28.0088,7.9488,112.5229,20.4083,0.25,1.0
2026-04-09,T08,6.004,0.047,0.028,34.0556,29.0156,7.8473,128.1042,20.9796,0.25,1.0
2026-04-10,T01,6.8862,0.0431,0.0229,34.3933,27.9904,7.9706,105.9438,19.7483,0.25,1.0
2026-04-10,T02,6.545,0.0356,0.0215,34.4533,27.6594,8.0075,119.5333,19.4819,0.25,1.0
2026-04-10,T03,6.5756,0.0427,0.0305,34.4988,27.8423,7.9581,126.6604,19.8038,0.25,1.0
2026-04-10,T04,6.7215,0.0526,0.0291,34.344,28.6975,7.9367,102.5521,19.9429,0.25,1.0
2026-04-10,T05,6.4957,0.0448,0.0136,34.4277,28.0465,8.0408,110.7354,19.0815,0.25,1.0
2026-04-10,T06,6.6475,0.0444,0.0191,34.5033,27.9165,8.0067,109.8021,19.7998,0.25,1.0
2026-04-10,T07,6.8439,0.0584,0.0095,34.4529,27.9635,7.9502,112.1354,20.3742,0.25,1.0
2026-04-10,T08,5.9924,0.0462,0.0291,34.46,28.9762,7.859,127.7333,20.9525,0.25,1.0
2026-04-11,T01,6.8841,0.0424,0.0231,34.8775,27.9919,7.9719,106.275,19.7948,0.25,1.0
2026-04-11,T02,6.5121,0.0369,0.0219,34.9542,27.6779,8.011,119.2312,19.529,0.25,1.0
2026-04-11,T03,6.6144,0.0445,0.0289,34.8638,27.8738,7.9615,127.0208,19.774,0.25,1.0
2026-04-11,T04,6.6515,0.0492,0.029,34.924,28.7506,7.9415,103.8854,19.8915,0.25,1.0
2026-04-11,T05,6.4726,0.0465,0.0143,34.8631,28.0833,8.0367,110.7208,19.1581,0.25,1.0
2026-04-11,T06,6.6582,0.0436,0.0212,34.94,27.9006,7.9994,108.8896,19.7671,0.25,1.0
2026-04-11,T07,6.8351,0.0589,0.0097,34.8435,27.9275,7.9419,111.7562,20.3585,0.25,1.0
2026-04-11,T08,5.9689,0.0454,0.0281,34.8371,28.9794,7.8531,127.2583,20.9498,0.25,1.0
2026-04-12,T01,6.9014,0.0405,0.0242,35.3015,27.8994,7.976,106.5812,19.831,0.25,1.0
2026-04-12,T02,6.5603,0.0367,0.0229,35.2681,27.6725,8.021,119.2021,19.5117,0.25,1.0
2026-04-12,T03,6.6093,0.0434,0.0294,35.2329,27.845,7.9623,127.1854,19.8104,0.25,1.0
2026-04-12,T04,6.6708,0.0501,0.0289,35.2754,28.8071,7.9421,103.2917,19.9321,0.25,1.0
2026-04-12,T05,6.5414,0.0435,0.0138,35.2283,28.0558,8.024,110.4104,19.1288,0.25,1.0
2026-04-12,T06,6.6368,0.0454,0.02,35.1875,27.9362,7.9881,110.0292,19.7971,0.25,1.0
2026-04-12,T07,6.8842,0.0573,0.0101,35.2385,27.955,7.9542,112.1062,20.3712,0.25,1.0
2026-04-12,T08,6.0078,0.0461,0.0268,35.2144,28.95,7.8652,127.4208,20.9708,0.25,1.0
2026-04-13,T01,6.9225,0.0423,0.0238,35.7231,27.9879,7.985,106.2917,19.7817,0.25,1.0
2026-04-13,T02,6.5345,0.0383,0.0231,35.6702,27.6504,8.0317,118.6292,19.5429,0.25,1.0
2026-04-13,T03,6.5933,0.0416,0.0303,35.5944,27.8562,7.97,126.8354,19.7698,0.25,1.0
2026-04-13,T04,6.6398,0.0516,0.029,35.661,28.7408,7.9308,103.1146,19.9175,0.25,1.0
2026-04-13,T05,6.4804,0.0438,0.0137,35.7358,28.046,8.0363,110.5167,19.1221,0.25,1.0
2026-04-13,T06,6.6681,0.0434,0.02,35.6046,27.9156,8.0106,109.5604,19.8156,0.25,1.0
2026-04-13,T07,6.914,0.0576,0.01,35.6196,27.9469,7.9421,111.4125,20.3838,0.25,1.0
2026-04-13,T08,5.9953,0.0444,0.0287,35.6796,29.0362,7.8621,127.9854,20.9915,0.25,1.0
2026-04-14,T01,6.9048,0.0427,0.0232,36.0331,27.945,7.9771,106.5083,19.7602,0.25,1.0
2026-04-14,T02,6.5443,0.0351,0.0228,36.0052,27.7156,8.0225,118.8208,19.5296,0.25,1.0
2026-04-14,T03,6.5933,0.0424,0.03,36.0529,27.8788,7.9665,128.15,19.786,0.25,1.0
2026-04-14,T04,6.631,0.0516,0.0288,36.041,28.7688,7.9446,103.5,19.8844,0.25,1.0
2026-04-14,T05,6.5094,0.0443,0.0138,36.0065,28.0719,8.0521,110.4875,19.1269,0.25,1.0
2026-04-14,T06,6.6615,0.0414,0.0199,36.0044,27.8835,8.0031,109.8583,19.7933,0.25,1.0
2026-04-14,T07,6.879,0.0576,0.01,36.0221,27.9654,7.9431,111.5021,20.4115,0.25,1.0
2026-04-14,T08,6.0118,0.0447,0.0287,36.1062,29.0083,7.8625,128.5896,21.0385,0.25,1.0
2026-04-15,T01,6.9043,0.044,0.0233,36.4171,27.9758,7.9746,105.8479,19.8079,0.25,1.0
2026-04-15,T02,6.5363,0.0388,0.022,36.3569,27.6858,8.0165,118.5812,19.5256,0.25,1.0
2026-04-15,T03,6.5829,0.0422,0.0298,36.4352,27.7781,7.9623,127.3375,19.7906,0.25,1.0
2026-04-15,T04,6.6687,0.0508,0.0293,36.4117,28.7183,7.9381,102.6354,19.9212,0.25,1.0
2026-04-15,T05,6.5237,0.0433,0.0134,36.4348,28.0979,8.0342,110.4208,19.1506,0.25,1.0
2026-04-15,T06,6.6346,0.0422,0.0202,36.3885,27.9285,8.0033,109.6104,19.7679,0.25,1.0
2026-04-15,T07,6.9218,0.0587,0.0103,36.4835,27.9321,7.9583,112.0771,20.4104,0.25,1.0
2026-04-15,T08,5.9984,0.046,0.028,36.3433,28.9919,7.8558,127.6354,20.9381,0.25,1.0
2026-04-16,T01,6.9138,0.0418,0.0233,36.8383,27.9581,7.9794,106.3708,19.7835,0.25,1.0
2026-04-16,T02,6.5599,0.0378,0.0218,36.8123,27.5956,8.024,118.7292,19.5152,0.25,1.0
2026-04-16,T03,6.5868,0.0415,0.0293,36.7631,27.8144,7.9725,127.4938,19.7956,0.25,1.0
2026-04-16,T04,6.6735,0.051,0.0296,36.7752,28.7402,7.9483,103.5438,19.8744,0.25,1.0
2026-04-16,T05,6.5329,0.0445,0.0128,36.8142,28.1127,8.0404,110.3854,19.1073,0.25,1.0
2026-04-16,T06,6.6446,0.0436,0.02,36.8423,27.9135,7.9988,108.7646,19.7615,0.25,1.0
2026-04-16,T07,6.8879,0.0584,0.0103,36.8638,27.9212,7.9454,112.3083,20.38,0.25,1.0
2026-04-16,T08,6.0015,0.0455,0.0285,36.8196,28.9996,7.8679,127.9271,20.9879,0.25,1.0
2026-04-17,T01,6.9042,0.0428,0.0239,37.1752,27.9117,7.9948,106.6333,19.814,0.25,1.0
2026-04-17,T02,6.5215,0.0371,0.0229,37.1698,27.6667,8.0119,119.9667,19.5321,0.25,1.0
2026-04-17,T03,6.5989,0.042,0.0301,37.1388,27.8571,7.9723,126.8188,19.7394,0.25,1.0
2026-04-17,T04,6.6845,0.0521,0.03,37.2477,28.7935,7.9433,103.6187,19.881,0.25,1.0
2026-04-17,T05,6.5032,0.0444,0.0126,37.1592,28.084,8.0415,110.8479,19.1127,0.25,1.0
2026-04-17,T06,6.6801,0.0434,0.0209,37.1315,27.9123,7.9996,108.8979,19.7606,0.25,1.0
2026-04-17,T07,6.9346,0.0573,0.01,37.1738,27.9673,7.95,111.9479,20.3517,0.25,1.0
2026-04-17,T08,6.0156,0.0447,0.0272,37.2012,28.9342,7.8669,127.7938,20.9167,0.25,1.0
2026-04-18,T01,6.8845,0.0432,0.0235,37.6217,27.9529,7.9817,106.1271,19.816,0.25,1.0
2026-04-18,T02,6.5277,0.0397,0.0228,37.5598,27.6892,8.0085,118.6562,19.5158,0.25,1.0
2026-04-18,T03,6.6191,0.0448,0.0296,37.5852,27.8735,7.9579,126.9438,19.8542,0.25,1.0
2026-04-18,T04,6.695,0.052,0.03,37.5458,28.74,7.9406,103.5208,19.9321,0.25,1.0
2026-04-18,T05,6.51,0.0432,0.0131,37.5731,28.0571,8.0333,110.3125,19.1177,0.25,1.0
2026-04-18,T06,6.6719,0.0423,0.0206,37.5158,27.9525,7.9915,109.5479,19.7769,0.25,1.0
2026-04-18,T07,6.8642,0.0571,0.01,37.5477,27.9733,7.9458,112.1479,20.3702,0.25,1.0
2026-04-18,T08,6.0273,0.0463,0.0285,37.5415,28.9883,7.8629,127.5417,20.9475,0.25,1.0
2026-04-19,T01,6.8508,0.0436,0.0238,37.9427,27.9933,7.9831,105.8646,19.7973,0.25,1.0
2026-04-19,T02,6.5451,0.0375,0.0219,37.9502,27.6127,8.0196,119.525,19.4812,0.25,1.0
2026-04-19,T03,6.5979,0.0419,0.0303,37.9512,27.8258,7.964,127.375,19.7729,0.25,1.0
2026-04-19,T04,6.7112,0.052,0.0302,37.931,28.7219,7.9398,103.2625,19.9185,0.25,1.0
2026-04-19,T05,6.47,0.0441,0.0141,37.9854,28.0423,8.0233,110.8854,19.0575,0.25,1.0
2026-04-19,T06,6.6357,0.0419,0.0205,37.8956,27.9027,8.0025,109.3146,19.7602,0.25,1.0
2026-04-19,T07,6.8785,0.056,0.0096,37.8983,27.9365,7.9596,112.0333,20.4475,0.25,1.0
2026-04-19,T08,5.9865,0.0467,0.0289,37.9921,29.0185,7.8679,128.0479,20.9835,0.25,1.0
2026-04-20,T01,6.8651,0.0441,0.0236,38.39,27.9667,7.9806,106.1583,19.8044,0.25,1.0
2026-04-20,T02,6.554,0.0381,0.0232,38.3946,27.6796,8.0173,119.3729,19.5404,0.25,1.0
2026-04-20,T03,6.641,0.0439,0.0303,38.3785,27.8654,7.9671,126.8812,19.791,0.25,1.0
2026-04-20,T04,6.6433,0.0521,0.0296,38.3685,28.7175,7.9488,103.1854,19.9423,0.25,1.0
2026-04-20,T05,6.5342,0.045,0.0132,38.4529,28.0844,8.0354,110.8208,19.124,0.25,1.0
2026-04-20,T06,6.6654,0.0431,0.0195,38.3044,27.9262,8.0004,109.9854,19.8077,0.25,1.0
2026-04-20,T07,6.8727,0.0584,0.0095,38.3652,27.8944,7.955,111.9292,20.3625,0.25,1.0
2026-04-20,T08,6.0062,0.0452,0.0288,38.3644,29.0196,7.8583,127.5729,20.9629,0.25,1.0
2026-04-21,T01,6.9028,0.0433,0.0241,38.7548,27.9796,7.9742,105.7458,19.78,0.25,1.0
2026-04-21,T02,6.5276,0.0374,0.0226,38.8121,27.6808,8.0298,119.4417,19.5179,0.25,1.0
2026-04-21,T03,6.6175,0.0443,0.031,38.7767,27.844,7.9698,127.7333,19.7975,0.25,1.0
2026-04-21,T04,6.6775,0.051,0.0281,38.7777,28.7362,7.9369,103.5188,19.9356,0.25,1.0
2026-04-21,T05,6.5173,0.0451,0.0142,38.7367,28.0631,8.0365,110.7542,19.1233,0.25,1.0
2026-04-21,T06,6.6636,0.0446,0.0195,38.7188,27.9371,8.0008,109.4271,19.8438,0.25,1.0
2026-04-21,T07,6.8849,0.0556,0.01,38.805,27.9492,7.9354,111.6938,20.3854,0.25,1.0
2026-04-21,T08,5.9961,0.0448,0.0283,38.7767,28.9748,7.859,128.0771,20.9533,0.25,1.0
2026-04-22,T01,6.894,0.0417,0.0237,39.1575,27.9267,7.9817,105.7792,19.8379,0.25,1.0
2026-04-22,T02,6.5521,0.0382,0.0234,39.2085,27.7048,8.025,117.8938,19.499,0.25,1.0
2026-04-22,T03,6.6004,0.0451,0.031,39.145,27.8858,7.9688,126.4479,19.7971,0.25,1.0
2026-04-22,T04,6.7082,0.0504,0.0289,39.1681,28.7746,7.9538,103.1438,19.9502,0.25,1.0
2026-04-22,T05,6.5075,0.0427,0.0137,39.1615,28.0519,8.0438,109.35,19.0958,0.25,1.0
2026-04-22,T06,6.6663,0.0433,0.0202,39.1073,27.9129,8.0002,109.5083,19.7842,0.25,1.0
2026-04-22,T07,6.9249,0.0579,0.0098,39.15,27.9627,7.9417,112.3646,20.3785,0.25,1.0
2026-04-22,T08,6.0211,0.0446,0.0285,39.1585,29.0212,7.8638,127.2021,20.9931,0.25,1.0
2026-04-23,T01,6.8648,0.0449,0.0234,39.4877,27.9783,7.9748,105.5375,19.8212,0.25,1.0
2026-04-23,T02,6.5442,0.0381,0.0225,39.5288,27.6469,8.0156,119.2271,19.4956,0.25,1.0
2026-04-23,T03,6.6083,0.0407,0.0288,39.5579,27.8902,7.9646,127.8542,19.8331,0.25,1.0
2026-04-23,T04,6.6477,0.0501,0.0284,39.5075,28.7519,7.9419,103.9688,19.9435,0.25,1.0
2026-04-23,T05,6.4826,0.0453,0.0128,39.5135,28.0735,8.0363,110.575,19.1267,0.25,1.0
2026-04-23,T06,6.6786,0.0421,0.0208,39.5106,27.9523,7.9994,109.5604,19.7867,0.25,1.0
2026-04-23,T07,6.9065,0.0591,0.0106,39.5708,27.8858,7.9408,111.9167,20.3977,0.25,1.0
2026-04-23,T08,6.0051,0.0444,0.0287,39.5525,29.0429,7.8638,127.9333,21.0017,0.25,1.0
2026-04-24,T01,6.8838,0.0434,0.023,39.8962,27.9729,7.9746,106.2375,19.8033,0.25,1.0
2026-04-24,T02,6.5568,0.036,0.0222,39.9242,27.6892,8.0225,118.7896,19.5162,0.25,1.0
2026-04-24,T03,6.617,0.0432,0.0304,39.9444,27.8292,7.9685,127.1125,19.7646,0.25,1.0
2026-04-24,T04,6.6804,0.0513,0.029,39.9233,28.7523,7.9525,103.8708,19.9652,0.25,1.0
2026-04-24,T05,6.477,0.0438,0.0125,39.9277,28.0675,8.0496,110.3479,19.0452,0.25,1.0
2026-04-24,T06,6.6322,0.0441,0.0186,39.889,27.9029,8.0019,109.9188,19.7673,0.25,1.0
2026-04-24,T07,6.9037,0.0568,0.0109,39.9131,27.9583,7.936,111.9958,20.3623,0.25,1.0
2026-04-24,T08,6.0295,0.0446,0.0293,39.8612,29.019,7.8685,128.1,20.9738,0.25,1.0
2026-04-25,T01,6.8971,0.0414,0.0234,40.331,27.9456,7.989,106.375,19.7946,0.25,1.0
2026-04-25,T02,6.533,0.036,0.0222,40.2654,27.6467,8.0179,119.05,19.4762,0.25,1.0
2026-04-25,T03,6.6158,0.0413,0.0298,40.2333,27.8521,7.9735,126.8208,19.7502,0.25,1.0
2026-04-25,T04,6.6605,0.0516,0.0294,40.2925,28.7315,7.944,102.3417,19.9215,0.25,1.0
2026-04-25,T05,6.511,0.0454,0.0123,40.3131,28.0771,8.0415,110.475,19.1131,0.25,1.0
2026-04-25,T06,6.6624,0.0446,0.0202,40.3258,27.9273,8.0025,109.2938,19.7717,0.25,1.0
2026-04-25,T07,6.8869,0.0562,0.0112,40.3323,27.9381,7.9475,111.8208,20.4102,0.25,1.0
2026-04-25,T08,5.9901,0.0452,0.0282,40.3123,28.9858,7.8625,127.6604,20.9692,0.25,1.0
2026-04-26,T01,6.9203,0.0432,0.0229,40.7352,27.9746,7.9883,106.0,19.8165,0.25,1.0
2026-04-26,T02,6.5124,0.0356,0.0227,40.7321,27.6438,8.0242,119.5917,19.5015,0.25,1.0
2026-04-26,T03,6.6274,0.0426,0.0299,40.7119,27.8756,7.9681,127.5812,19.7579,0.25,1.0
2026-04-26,T04,6.6598,0.0498,0.0294,40.6715,28.7494,7.9513,103.6104,19.9167,0.25,1.0
2026-04-26,T05,6.5191,0.0444,0.0134,40.6704,28.0508,8.0363,111.4521,19.1167,0.25,1.0
2026-04-26,T06,6.613,0.0444,0.0202,40.7117,27.9127,8.004,109.2938,19.7794,0.25,1.0
2026-04-26,T07,6.9006,0.0571,0.0106,40.6975,27.9315,7.9321,111.7854,20.3633,0.25,1.0
2026-04-26,T08,6.0329,0.0456,0.0267,40.6185,28.9708,7.8562,128.0854,20.9765,0.25,1.0
2026-04-27,T01,6.8903,0.0419,0.0231,41.0125,28.0015,7.974,105.8812,19.8381,0.25,1.0
2026-04-27,T02,6.5554,0.0379,0.0221,41.0402,27.6512,8.0056,118.8667,19.5717,0.25,1.0
2026-04-27,T03,6.5998,0.0448,0.0302,41.0598,27.875,7.9671,126.8083,19.7765,0.25,1.0
2026-04-27,T04,6.7002,0.0482,0.0288,41.0369,28.6842,7.9419,103.0708,19.9442,0.25,1.0
2026-04-27,T05,6.5071,0.0442,0.014,41.0702,28.0638,8.0394,111.1562,19.0806,0.25,1.0
2026-04-27,T06,6.6816,0.0454,0.0198,40.9931,27.9483,7.9977,109.2125,19.7994,0.25,1.0
2026-04-27,T07,6.8906,0.0566,0.0099,41.1162,27.9965,7.949,111.7104,20.4517,0.25,1.0
2026-04-27,T08,6.0542,0.0475,0.0283,41.1525,28.9727,7.8646,127.8208,20.9504,0.25,1.0
2026-04-28,T01,6.839,0.042,0.0235,41.4352,27.9765,7.9819,106.1771,19.7752,0.25,1.0
2026-04-28,T02,6.5689,0.0364,0.0232,41.5098,27.7035,8.0335,118.8,19.5477,0.25,1.0
2026-04-28,T03,6.6216,0.0435,0.0302,41.4752,27.8448,7.9567,127.3229,19.8227,0.25,1.0
2026-04-28,T04,6.6987,0.0503,0.0289,41.4656,28.675,7.9435,103.0354,19.9308,0.25,1.0
2026-04-28,T05,6.476,0.0443,0.0143,41.3994,28.0794,8.0308,110.4938,19.1173,0.25,1.0
2026-04-28,T06,6.6301,0.0432,0.0197,41.4183,27.9033,7.999,109.5292,19.83,0.25,1.0
2026-04-28,T07,6.8724,0.0576,0.0102,41.4712,27.9275,7.9548,111.8083,20.3875,0.25,1.0
2026-04-28,T08,6.0134,0.0462,0.0281,41.4156,28.9762,7.8535,127.5083,20.9298,0.25,1.0
2026-04-29,T01,6.8718,0.0434,0.0229,41.8498,27.9481,7.9825,106.2625,19.7458,0.25,1.0
2026-04-29,T02,6.5218,0.0368,0.0219,41.8469,27.7575,8.0217,119.25,19.5058,0.25,1.0
2026-04-29,T03,6.6199,0.0418,0.03,41.826,27.8779,7.9529,126.4812,19.7656,0.25,1.0
2026-04-29,T04,6.6723,0.0513,0.0301,41.8046,28.7462,7.9452,104.3896,19.8862,0.25,1.0
2026-04-29,T05,6.4959,0.0456,0.014,41.8481,28.0454,8.0302,110.2208,19.0933,0.25,1.0
2026-04-29,T06,6.6794,0.0439,0.0193,41.9088,27.924,7.9896,109.2167,19.8142,0.25,1.0
2026-04-29,T07,6.8871,0.0592,0.0095,41.8708,27.965,7.9519,111.8792,20.359,0.25,1.0
2026-04-29,T08,6.0198,0.0455,0.0282,41.9085,29.0433,7.8656,127.2542,21.0021,0.25,1.0
2026-04-30,T01,6.8614,0.0424,0.0234,42.2798,27.969,7.9721,106.0083,19.796,0.25,1.0
2026-04-30,T02,6.5478,0.0382,0.0226,42.315,27.6402,8.015,118.4854,19.5373,0.25,1.0
2026-04-30,T03,6.6227,0.0436,0.0292,42.2787,27.8777,7.9556,126.8521,19.8442,0.25,1.0
2026-04-30,T04,6.6672,0.0493,0.0292,42.1642,28.7367,7.9396,102.875,19.924,0.25,1.0
2026-04-30,T05,6.4968,0.0434,0.0125,42.2562,28.0692,8.0379,109.7417,19.095,0.25,1.0
2026-04-30,T06,6.6378,0.0426,0.0201,42.241,27.9106,8.0019,109.4271,19.7742,0.25,1.0
2026-04-30,T07,6.8903,0.0583,0.0102,42.1962,27.956,7.9369,111.2979,20.4108,0.25,1.0
2026-04-30,T08,6.0308,0.0457,0.0281,42.2531,28.9277,7.8577,127.7458,20.9504,0.25,1.0
2026-05-01,T01,6.8511,0.0406,0.0231,42.6346,27.9642,7.9788,106.3271,19.801,0.25,1.0
2026-05-01,T02,6.4886,0.038,0.0229,42.66,27.5944,8.0133,119.55,19.449,0.25,1.0
2026-05-01,T03,6.6097,0.0415,0.0301,42.6415,27.886,7.9683,127.3104,19.7952,0.25,1.0
2026-05-01,T04,6.7127,0.0485,0.0291,42.6008,28.6981,7.9556,102.7458,19.869,0.25,1.0
2026-05-01,T05,6.4822,0.0439,0.0125,42.7248,28.0967,8.0402,110.5042,19.0775,0.25,1.0
2026-05-01,T06,6.6742,0.0442,0.0204,42.6779,27.9081,7.9979,110.0542,19.7642,0.25,1.0
2026-05-01,T07,6.925,0.0559,0.0105,42.6665,27.9548,7.9535,111.4125,20.3383,0.25,1.0
2026-05-01,T08,6.0209,0.0442,0.0283,42.6077,28.9748,7.8498,127.0312,20.9444,0.25,1.0
2026-05-02,T01,5.9609,0.0425,0.0233,43.0377,27.9977,7.9792,107.0208,19.7438,0.25,1.0
2026-05-02,T02,5.6741,0.036,0.023,43.0794,27.6398,8.0331,119.7021,19.5323,0.25,1.0
2026-05-02,T03,5.7357,0.0448,0.0293,43.0052,27.8412,7.9606,127.2354,19.8035,0.25,1.0
2026-05-02,T04,5.8091,0.0505,0.0291,42.9781,28.774,7.934,103.3417,19.9179,0.25,1.0
2026-05-02,T05,5.668,0.0434,0.0141,43.0898,28.0658,8.0477,110.4792,19.0721,0.25,1.0
2026-05-02,T06,5.7574,0.0426,0.02,42.9377,27.9625,7.9915,109.5688,19.771,0.25,1.0
2026-05-02,T07,5.9715,0.0578,0.0101,42.9988,27.9229,7.9438,111.4958,20.3794,0.25,1.0
2026-05-02,T08,5.3052,0.045,0.0278,43.0104,28.9702,7.8606,127.5729,20.9704,0.25,1.0
2026-05-03,T01,6.9041,0.0421,0.0238,43.3823,27.9702,7.9796,106.6417,19.7998,0.25,1.0
2026-05-03,T02,6.5399,0.0368,0.022,43.4583,27.6473,8.0238,119.4771,19.5071,0.25,1.0
2026-05-03,T03,6.6074,0.0439,0.0302,43.4333,27.83,7.955,127.8812,19.7971,0.25,1.0
2026-05-03,T04,6.6811,0.0509,0.0295,43.4231,28.7973,7.9585,102.6771,19.9381,0.25,1.0
2026-05-03,T05,6.4924,0.0434,0.0137,43.4358,28.085,8.0308,110.3812,19.1321,0.25,1.0
2026-05-03,T06,6.6691,0.0397,0.0214,43.4008,27.9183,7.9962,109.6438,19.8215,0.25,1.0
2026-05-03,T07,6.8928,0.0576,0.0098,43.3935,27.9631,7.9546,112.8229,20.3946,0.25,1.0
2026-05-03,T08,5.9962,0.0427,0.0282,43.4138,28.979,7.8735,127.9583,20.9896,0.25,1.0
2026-05-04,T01,6.9311,0.1005,0.0236,43.765,27.9754,7.976,105.8729,19.7469,0.25,1.0
2026-05-04,T02,6.5323,0.0975,0.0213,43.7735,27.6783,8.0133,119.6625,19.4848,0.25,1.0
2026-05-04,T03,6.5759,0.1003,0.0304,43.7838,27.8067,7.9577,127.4854,19.8148,0.25,1.0
2026-05-04,T04,6.6864,0.1072,0.0293,43.8208,28.7565,7.9398,103.0625,19.8621,0.25,1.0
2026-05-04,T05,6.4989,0.1025,0.0147,43.7683,28.0527,8.041,109.6833,19.1208,0.25,1.0
2026-05-04,T06,6.6441,0.1023,0.0199,43.7573,27.9408,8.0079,108.8396,19.8088,0.25,1.0
2026-05-04,T07,6.9296,0.1107,0.0105,43.7075,27.9417,7.95,111.7875,20.4198,0.25,1.0
2026-05-04,T08,5.9933,0.1034,0.0277,43.814,29.0387,7.865,127.6542,20.9788,0.25,1.0
2026-05-05,T01,6.8599,0.0442,0.0474,44.2088,27.9465,7.9888,105.3688,19.7704,0.25,1.0
2026-05-05,T02,6.5215,0.0362,0.047,44.1804,27.6679,8.0156,119.0438,19.5465,0.25,1.0
2026-05-05,T03,6.6203,0.0414,0.0522,44.2294,27.8183,7.9619,128.1063,19.7746,0.25,1.0
2026-05-05,T04,6.6605,0.0507,0.0512,44.1815,28.705,7.9429,102.9688,19.9308,0.25,1.0
2026-05-05,T05,6.5318,0.0441,0.0402,44.27,28.0219,8.0517,110.7688,19.1238,0.25,1.0
2026-05-05,T06,6.6557,0.0427,0.0444,44.1644,27.9471,8.0075,109.1667,19.806,0.25,1.0
2026-05-05,T07,6.8681,0.057,0.0373,44.1985,27.8977,7.9452,111.4208,20.3944,0.25,1.0
2026-05-05,T08,5.987,0.0458,0.0516,44.2033,28.981,7.8573,128.0146,20.9871,0.25,1.0
2026-05-06,T01,6.9115,0.0427,0.0238,44.5462,27.9427,7.7335,106.4875,19.8173,0.25,1.0
2026-05-06,T02,6.5561,0.0377,0.0224,44.6065,27.6308,7.7692,119.2604,19.5117,0.25,1.0
2026-05-06,T03,6.6221,0.0433,0.0309,44.5156,27.8735,7.7181,127.4625,19.8446,0.25,1.0
2026-05-06,T04,6.6638,0.0504,0.0295,44.6308,28.7483,7.7075,103.3646,19.8642,0.25,1.0
2026-05-06,T05,6.5085,0.0456,0.0127,44.6021,28.1044,7.7688,110.3,19.1031,0.25,1.0
2026-05-06,T06,6.6312,0.0432,0.021,44.5513,27.9669,7.7633,109.4562,19.804,0.25,1.0
2026-05-06,T07,6.863,0.0575,0.0106,44.5417,27.934,7.7106,111.6438,20.4115,0.25,1.0
2026-05-06,T08,5.9968,0.0468,0.0277,44.6004,29.015,7.6356,127.9312,20.9335,0.25,1.0
2026-05-07,T01,6.8498,0.041,0.0232,44.8607,27.9582,7.9875,106.9893,19.7857,0.25,1.0
2026-05-07,T02,6.5492,0.0373,0.0221,44.99,27.7011,8.0186,119.1179,19.5146,0.25,1.0
2026-05-07,T03,6.5755,0.0426,0.0303,44.9732,27.7704,7.9575,126.975,19.7682,0.25,1.0
2026-05-07,T04,6.6799,0.0532,0.0296,44.9457,28.8032,7.9414,103.3179,19.9461,0.25,1.0
2026-05-07,T05,6.5297,0.0447,0.0136,44.9568,28.0039,8.0439,110.2536,19.0529,0.25,1.0
2026-05-07,T06,6.6437,0.0435,0.0198,44.8807,27.9564,8.0039,109.9357,19.8075,0.25,1.0
2026-05-07,T07,6.8716,0.0576,0.0102,44.94,27.9889,7.9475,112.3607,20.3493,0.25,1.0
2026-05-07,T08,6.0199,0.0466,0.0274,44.9014,29.0654,7.8425,127.8036,20.9846,0.25,1.0
